architecture,layout,seed,services,input_cells,endpoints,authority_replicas,partition_write_attempts,partition_write_acks,partition_write_availability,partition_query_attempts,partition_query_acks,partition_query_availability,partition_same,partition_different,partition_ambiguous,partition_unavailable,heal_rounds,final_kind,final_false_merge_pairs,final_false_split_pairs,final_cells,requests,wire_bytes,rpc_median_ms,rpc_p95_ms,certificate_generation_median_ms,certificate_verification_ms,snapshot_commits,snapshot_fsyncs,snapshot_bytes_written,client_spool_fsyncs,client_spool_bytes_written,persistence_fsyncs,persistence_bytes_written,partition_durable_bytes,final_durable_bytes,restart_recovered,elapsed_seconds
peer-evidence,authority-minority,1,100,2200,5,0,5,5,1.0,5,5,1.0,0,0,5,0,1,same,0,0,2200,101,5551607,14.8968370000091,95.24993300000517,4.287839999996379,12.808590999995317,33,66,6597924,0,0,66,6597924,703780,1334240,1,2.3417130119999996
central-recompute,authority-minority,1,100,2200,1,1,5,2,0.4,5,2,0.4,0,0,2,3,1,same,0,0,2200,9,1013373,16.825108999995564,33.51470999999151,3.9602559999991627,12.991255000002866,5,10,803015,10,263445,20,1066460,266856,266853,1,0.23230786999999964
coordinated-quorum,authority-minority,1,100,2200,3,3,5,3,0.6,5,3,0.6,0,0,3,2,1,same,0,0,2200,38,3090659,16.33168050000222,94.71383000000344,4.839742999998009,12.642098000000601,18,36,3387194,10,263445,46,3650639,430118,800544,1,1.044989220000005
peer-evidence,authority-majority,1,100,2200,5,0,5,5,1.0,5,5,1.0,0,0,5,0,1,same,0,0,2200,101,5509212,14.178083000004449,94.15635800000643,4.298797000004129,12.74980899999889,33,66,6751904,0,0,66,6751904,702310,1334240,1,2.3759103570000093
central-recompute,authority-majority,1,100,2200,1,1,5,3,0.6,5,3,0.6,0,0,3,2,1,same,0,0,2200,10,1286066,16.751507000002164,32.940843999995195,4.186051499999621,13.344576000008601,5,10,806015,10,263445,20,1069460,266855,266853,1,0.255656744999996
coordinated-quorum,authority-majority,1,100,2200,3,3,5,3,0.6,5,3,0.6,0,0,3,2,1,same,0,0,2200,41,3045526,16.71124100001009,96.47712199999603,4.399585499996306,12.428585000009207,21,42,4019058,10,263445,52,4282503,590446,800544,1,1.143538878000001
peer-evidence,authority-minority,2,100,2200,5,0,5,5,1.0,5,5,1.0,0,0,5,0,1,same,0,0,2200,101,5551607,13.350216999995723,93.194651999994,4.128341999994234,12.676440000007005,33,66,6597924,0,0,66,6597924,703780,1334240,1,2.2895185730000094
central-recompute,authority-minority,2,100,2200,1,1,5,2,0.4,5,2,0.4,0,0,2,3,1,same,0,0,2200,9,1013373,16.447029000005386,33.51964699999144,4.072954000008622,13.123512999996478,5,10,803015,10,263445,20,1066460,266856,266853,1,0.23871942499999932
coordinated-quorum,authority-minority,2,100,2200,3,3,5,3,0.6,5,3,0.6,0,0,3,2,1,same,0,0,2200,38,3090659,16.131364999999676,92.76693700000749,4.259407500001089,12.816786999991336,18,36,3387194,10,263445,46,3650639,430118,800544,1,1.0251263560000012
peer-evidence,authority-majority,2,100,2200,5,0,5,5,1.0,5,5,1.0,0,0,5,0,1,same,0,0,2200,101,5509212,13.339045000009264,91.25912499999345,4.214501500001688,12.48869599999125,33,66,6751904,0,0,66,6751904,702310,1334240,1,2.2869832290000005
central-recompute,authority-majority,2,100,2200,1,1,5,3,0.6,5,3,0.6,0,0,3,2,1,same,0,0,2200,10,1286066,14.641319000006092,32.637309999998365,4.108605500000806,13.464315999996757,5,10,806015,10,263445,20,1069460,266855,266853,1,0.24286149800001056
coordinated-quorum,authority-majority,2,100,2200,3,3,5,3,0.6,5,3,0.6,0,0,3,2,1,same,0,0,2200,41,3045526,17.208867999997324,96.17258599999445,4.227580500007377,12.933951999997362,21,42,4019058,10,263445,52,4282503,590446,800544,1,1.1516298439999986
peer-evidence,authority-minority,3,100,2200,5,0,5,5,1.0,5,5,1.0,0,0,5,0,1,same,0,0,2200,101,5551607,14.794651000002546,94.92757099999949,4.243109499995512,12.709051000001637,33,66,6597924,0,0,66,6597924,703780,1334240,1,2.322816215000003
central-recompute,authority-minority,3,100,2200,1,1,5,2,0.4,5,2,0.4,0,0,2,3,1,same,0,0,2200,9,1013373,16.58883399998956,33.72551599998985,3.66898999999421,13.21234899999979,5,10,803015,10,263445,20,1066460,266856,266853,1,0.2373816800000128
coordinated-quorum,authority-minority,3,100,2200,3,3,5,3,0.6,5,3,0.6,0,0,3,2,1,same,0,0,2200,38,3090659,16.551270000000784,96.2786030000018,4.085718999995436,22.914493000001812,18,36,3387194,10,263445,46,3650639,430118,800544,1,1.0373570989999905
peer-evidence,authority-majority,3,100,2200,5,0,5,5,1.0,5,5,1.0,0,0,5,0,1,same,0,0,2200,101,5509212,14.677681999998526,92.29011900001183,4.283263499999634,12.55559999999889,33,66,6751904,0,0,66,6751904,702310,1334240,1,2.318360704
central-recompute,authority-majority,3,100,2200,1,1,5,3,0.6,5,3,0.6,0,0,3,2,1,same,0,0,2200,10,1286066,15.15772949999672,33.015188000007356,4.055078000000378,12.989786000005665,5,10,806015,10,263445,20,1069460,266855,266853,1,0.2562006499999967
coordinated-quorum,authority-majority,3,100,2200,3,3,5,3,0.6,5,3,0.6,0,0,3,2,1,same,0,0,2200,41,3045526,16.300682999997207,93.58888599999204,4.304665500001192,12.422619000005852,21,42,4019058,10,263445,52,4282503,590446,800544,1,1.134155088
peer-evidence,authority-minority,4,100,2200,5,0,5,5,1.0,5,5,1.0,0,0,5,0,1,same,0,0,2200,101,5551607,14.296063999992725,93.06015299999615,4.245024500001193,12.56859800000143,33,66,6597924,0,0,66,6597924,703780,1334240,1,2.2966631779999886
central-recompute,authority-minority,4,100,2200,1,1,5,2,0.4,5,2,0.4,0,0,2,3,1,same,0,0,2200,9,1013373,16.338202000000024,33.62431700000457,3.776986999994847,12.880164999998556,5,10,803015,10,263445,20,1066460,266856,266853,1,0.2350387420000004
coordinated-quorum,authority-minority,4,100,2200,3,3,5,3,0.6,5,3,0.6,0,0,3,2,1,same,0,0,2200,38,3090659,16.25784149999987,92.88343500000451,4.1662694999970995,13.333262999992712,18,36,3387194,10,263445,46,3650639,430118,800544,1,1.013839719999993
peer-evidence,authority-majority,4,100,2200,5,0,5,5,1.0,5,5,1.0,0,0,5,0,1,same,0,0,2200,101,5509212,13.756682000007459,91.87987099998907,4.342480999994791,12.465289000004987,33,66,6751904,0,0,66,6751904,702310,1334240,1,2.2726742259999924
central-recompute,authority-majority,4,100,2200,1,1,5,3,0.6,5,3,0.6,0,0,3,2,1,same,0,0,2200,10,1286066,14.46774349999913,33.5951140000077,3.9073354999956678,12.882980999989968,5,10,806015,10,263445,20,1069460,266855,266853,1,0.24467401800001198
coordinated-quorum,authority-majority,4,100,2200,3,3,5,3,0.6,5,3,0.6,0,0,3,2,1,same,0,0,2200,41,3045526,16.724181000000726,94.02637400000913,4.152028499994742,12.838844999990329,21,42,4019058,10,263445,52,4282503,590446,800544,1,1.1367823570000013
peer-evidence,authority-minority,5,100,2200,5,0,5,5,1.0,5,5,1.0,0,0,5,0,1,same,0,0,2200,101,5551607,14.102942000008056,92.0667700000024,4.211414000003799,12.745000999998979,33,66,6597924,0,0,66,6597924,703780,1334240,1,2.268718626000009
central-recompute,authority-minority,5,100,2200,1,1,5,2,0.4,5,2,0.4,0,0,2,3,1,same,0,0,2200,9,1013373,15.808332000005976,32.97037500000499,3.6142580000131375,13.018354999999815,5,10,803015,10,263445,20,1066460,266856,266853,1,0.232330386000001
coordinated-quorum,authority-minority,5,100,2200,3,3,5,3,0.6,5,3,0.6,0,0,3,2,1,same,0,0,2200,38,3090659,16.574646999998777,96.61800199999959,4.200080000003936,12.690982999998823,18,36,3387194,10,263445,46,3650639,430118,800544,1,1.0394526550000052
peer-evidence,authority-majority,5,100,2200,5,0,5,5,1.0,5,5,1.0,0,0,5,0,1,same,0,0,2200,101,5509212,14.77538499999298,93.48144299998751,4.455978999999388,12.643138000001386,33,66,6751904,0,0,66,6751904,702310,1334240,1,2.3482815749999872
central-recompute,authority-majority,5,100,2200,1,1,5,3,0.6,5,3,0.6,0,0,3,2,1,same,0,0,2200,10,1286066,14.91804749999659,33.9819379999966,4.105764500003772,13.513996000000361,5,10,806015,10,263445,20,1069460,266855,266853,1,0.2580419880000022
coordinated-quorum,authority-majority,5,100,2200,3,3,5,3,0.6,5,3,0.6,0,0,3,2,1,same,0,0,2200,41,3045526,16.727226000000428,96.98559800000339,4.361777500008657,12.730906000001596,21,42,4019058,10,263445,52,4282503,590446,800544,1,1.162927166000003
