family,handles,cases,reference_median_ms,indexed_median_ms,paired_speedup_median,paired_speedup_min,paired_speedup_max
sparse_cut,64,5,3.192651,2.570727,1.2425920760936497,1.2230804400981772,1.246901831392323
sparse_cut,128,5,7.706632,5.250396,1.470606118810006,1.4652470023213486,1.4779762016633442
sparse_cut,256,5,17.812826,11.178587,1.571829303979231,1.567772770643182,1.601169738144662
sparse_cut,512,5,36.315374999999996,23.884439,1.5102577267581059,1.4911979577184145,1.526679609263588
dense_cut,64,5,4.538190999999999,4.400592,1.0279366957900211,1.008235922012804,1.0558607297708593
dense_cut,128,5,9.570602,9.372538,1.0211323763104507,1.0030551238973664,1.0443777558164156
dense_cut,256,5,21.060138,20.648841,1.0143027398002626,1.0049078883416274,1.0305766537548848
dense_cut,512,5,47.346431,45.834818,1.014616661071939,0.9833844309315001,1.2266754986502386
low_conflict,64,5,0.9521780000000001,0.953889,0.9928398377589007,0.9859242069540769,0.9982586159718778
low_conflict,128,5,2.006577,2.0315060000000003,0.9813675174968717,0.9693550614621542,0.9929032286796254
low_conflict,256,5,4.131722,4.239968999999999,0.9806302991004984,0.9670035301869258,0.9980282222233795
low_conflict,512,5,8.828655,9.078655,0.9710396288888575,0.9451239360980721,0.9935423829917015
