family,handles,seed,relations,cells,negative_edges,accepted,rejected,components,reference_seconds,indexed_seconds,reference_over_indexed,repetitions,view_equal
sparse_cut,64,1,319,957,1,62,256,2,0.003194365,0.002570727,1.2425920760936497,5,True
sparse_cut,64,2,319,957,1,62,256,2,0.00318651,0.002555542,1.246901831392323,5,True
sparse_cut,64,3,319,957,1,62,256,2,0.003192651,0.002571168,1.2417123268491206,5,True
sparse_cut,64,4,319,957,1,62,256,2,0.003196926,0.002565592,1.2460773186071676,5,True
sparse_cut,64,5,319,957,1,62,256,2,0.003167294,0.002589604,1.2230804400981772,5,True
sparse_cut,128,1,639,1917,1,126,512,2,0.007693127,0.005250396,1.4652470023213486,5,True
sparse_cut,128,2,639,1917,1,126,512,2,0.007774454,0.005280661,1.4722501595917632,5,True
sparse_cut,128,3,639,1917,1,126,512,2,0.007758375,0.00529444,1.4653816078754316,5,True
sparse_cut,128,4,639,1917,1,126,512,2,0.007706632,0.005214314,1.4779762016633442,5,True
sparse_cut,128,5,639,1917,1,126,512,2,0.007671808,0.005216766,1.470606118810006,5,True
sparse_cut,256,1,1279,3837,1,254,1024,2,0.017567379,0.011178587,1.5715205329618136,5,True
sparse_cut,256,2,1279,3837,1,254,1024,2,0.017812826,0.011124883,1.601169738144662,5,True
sparse_cut,256,3,1279,3837,1,254,1024,2,0.017890724,0.011266007,1.5880270622945645,5,True
sparse_cut,256,4,1279,3837,1,254,1024,2,0.017408687,0.011075431,1.571829303979231,5,True
sparse_cut,256,5,1279,3837,1,254,1024,2,0.017840881,0.011379762,1.567772770643182,5,True
sparse_cut,512,1,2559,7677,1,510,2048,2,0.036138619,0.023717503,1.5237109488296467,5,True
sparse_cut,512,2,2559,7677,1,510,2048,2,0.036463886,0.023884439,1.526679609263588,5,True
sparse_cut,512,3,2559,7677,1,510,2048,2,0.036315375,0.024353155,1.4911979577184145,5,True
sparse_cut,512,4,2559,7677,1,510,2048,2,0.03597558,0.023860496,1.5077465279850009,5,True
sparse_cut,512,5,2559,7677,1,510,2048,2,0.036359562,0.024075071,1.5102577267581059,5,True
dense_cut,64,1,575,1725,257,62,256,2,0.004531963,0.004494943,1.008235922012804,5,True
dense_cut,64,2,575,1725,257,62,256,2,0.00454226,0.004376217,1.0379421312974197,5,True
dense_cut,64,3,575,1725,257,62,256,2,0.00452353,0.004400592,1.0279366957900211,5,True
dense_cut,64,4,575,1725,257,62,256,2,0.004538191,0.00445682,1.0182576366108569,5,True
dense_cut,64,5,575,1725,257,62,256,2,0.004600079,0.00435671,1.0558607297708593,5,True
dense_cut,128,1,1151,3453,513,126,512,2,0.009513956,0.009436126,1.008248088251471,5,True
dense_cut,128,2,1151,3453,513,126,512,2,0.009476927,0.009448062,1.0030551238973664,5,True
dense_cut,128,3,1151,3453,513,126,512,2,0.009721347,0.009308267,1.0443777558164156,5,True
dense_cut,128,4,1151,3453,513,126,512,2,0.00961735,0.009281418,1.036194038454038,5,True
dense_cut,128,5,1151,3453,513,126,512,2,0.009570602,0.009372538,1.0211323763104507,5,True
dense_cut,256,1,2303,6909,1025,254,1024,2,0.021344303,0.021151162,1.0091314604842985,5,True
dense_cut,256,2,2303,6909,1025,254,1024,2,0.020978606,0.020546014,1.0210547895080768,5,True
dense_cut,256,3,2303,6909,1025,254,1024,2,0.021071094,0.020445926,1.0305766537548848,5,True
dense_cut,256,4,2303,6909,1025,254,1024,2,0.020944176,0.020648841,1.0143027398002626,5,True
dense_cut,256,5,2303,6909,1025,254,1024,2,0.021060138,0.020957282,1.0049078883416274,5,True
dense_cut,512,1,4607,13821,2049,510,2048,2,0.053707894,0.043783294,1.2266754986502386,5,True
dense_cut,512,2,4607,13821,2049,510,2048,2,0.046263174,0.046725249,0.9901108071141578,5,True
dense_cut,512,3,4607,13821,2049,510,2048,2,0.047346431,0.045635315,1.0374954352785775,5,True
dense_cut,512,4,4607,13821,2049,510,2048,2,0.04650477,0.045834818,1.014616661071939,5,True
dense_cut,512,5,4607,13821,2049,510,2048,2,0.047365369,0.048165669,0.9833844309315001,5,True
low_conflict,64,1,126,378,0,126,0,1,0.000965696,0.000979483,0.9859242069540769,5,True
low_conflict,64,2,124,372,0,124,0,1,0.000947059,0.000953889,0.9928398377589007,5,True
low_conflict,64,3,122,366,0,122,0,1,0.000925751,0.000934674,0.990453355929447,5,True
low_conflict,64,4,127,381,0,127,0,1,0.000964433,0.000968477,0.9958243716680932,5,True
low_conflict,64,5,124,372,0,124,0,1,0.000952178,0.000953839,0.9982586159718778,5,True
low_conflict,128,1,251,753,0,251,0,1,0.002006577,0.002020919,0.9929032286796254,5,True
low_conflict,128,2,253,759,0,253,0,1,0.002042498,0.002107069,0.9693550614621542,5,True
low_conflict,128,3,250,750,0,250,0,1,0.001998134,0.002042658,0.9782029101298405,5,True
low_conflict,128,4,253,759,0,253,0,1,0.002009405,0.0020294,0.9901473341874445,5,True
low_conflict,128,5,251,753,0,251,0,1,0.001993654,0.002031506,0.9813675174968717,5,True
low_conflict,256,1,508,1524,0,508,0,1,0.004118176,0.004258698,0.9670035301869258,5,True
low_conflict,256,2,509,1527,0,509,0,1,0.004131722,0.004213333,0.9806302991004984,5,True
low_conflict,256,3,509,1527,0,509,0,1,0.004224561,0.00424819,0.9944378664796066,5,True
low_conflict,256,4,508,1524,0,508,0,1,0.004124557,0.004239969,0.9727799896650189,5,True
low_conflict,256,5,510,1530,0,510,0,1,0.004216284,0.004224614,0.9980282222233795,5,True
low_conflict,512,1,1022,3066,0,1022,0,1,0.008932565,0.008990623,0.9935423829917015,5,True
low_conflict,512,2,1021,3063,0,1021,0,1,0.008620276,0.009120789,0.9451239360980721,5,True
low_conflict,512,3,1021,3063,0,1021,0,1,0.008793362,0.009055616,0.9710396288888575,5,True
low_conflict,512,4,1020,3060,0,1020,0,1,0.008828655,0.009228706,0.9566514525438344,5,True
low_conflict,512,5,1022,3066,0,1022,0,1,0.008868925,0.009078655,0.9768985604145107,5,True
