family,handles,seed,repetition,implementation,order,seconds,view_equal
sparse_cut,64,1,0,reference,0,0.003138863,True
sparse_cut,64,1,0,indexed,1,0.002596211,True
sparse_cut,64,1,1,indexed,0,0.002761814,True
sparse_cut,64,1,1,reference,1,0.003266172,True
sparse_cut,64,1,2,reference,0,0.003202385,True
sparse_cut,64,1,2,indexed,1,0.002544955,True
sparse_cut,64,1,3,indexed,0,0.002570727,True
sparse_cut,64,1,3,reference,1,0.003186678,True
sparse_cut,64,1,4,reference,0,0.003194365,True
sparse_cut,64,1,4,indexed,1,0.002539649,True
sparse_cut,64,2,0,indexed,0,0.002641056,True
sparse_cut,64,2,0,reference,1,0.00318651,True
sparse_cut,64,2,1,reference,0,0.00318524,True
sparse_cut,64,2,1,indexed,1,0.002555542,True
sparse_cut,64,2,2,indexed,0,0.002571379,True
sparse_cut,64,2,2,reference,1,0.003167016,True
sparse_cut,64,2,3,reference,0,0.003197758,True
sparse_cut,64,2,3,indexed,1,0.002553332,True
sparse_cut,64,2,4,indexed,0,0.002553242,True
sparse_cut,64,2,4,reference,1,0.003227957,True
sparse_cut,64,3,0,reference,0,0.003234868,True
sparse_cut,64,3,0,indexed,1,0.002585027,True
sparse_cut,64,3,1,indexed,0,0.002571168,True
sparse_cut,64,3,1,reference,1,0.003185638,True
sparse_cut,64,3,2,reference,0,0.003180802,True
sparse_cut,64,3,2,indexed,1,0.002563128,True
sparse_cut,64,3,3,indexed,0,0.002752735,True
sparse_cut,64,3,3,reference,1,0.003206603,True
sparse_cut,64,3,4,reference,0,0.003192651,True
sparse_cut,64,3,4,indexed,1,0.00255903,True
sparse_cut,64,4,0,indexed,0,0.002561229,True
sparse_cut,64,4,0,reference,1,0.003206152,True
sparse_cut,64,4,1,reference,0,0.003182993,True
sparse_cut,64,4,1,indexed,1,0.002825467,True
sparse_cut,64,4,2,indexed,0,0.002565739,True
sparse_cut,64,4,2,reference,1,0.003242873,True
sparse_cut,64,4,3,reference,0,0.003172105,True
sparse_cut,64,4,3,indexed,1,0.002565592,True
sparse_cut,64,4,4,indexed,0,0.002564525,True
sparse_cut,64,4,4,reference,1,0.003196926,True
sparse_cut,64,5,0,reference,0,0.003509622,True
sparse_cut,64,5,0,indexed,1,0.002595004,True
sparse_cut,64,5,1,indexed,0,0.002589604,True
sparse_cut,64,5,1,reference,1,0.003158189,True
sparse_cut,64,5,2,reference,0,0.003171498,True
sparse_cut,64,5,2,indexed,1,0.00254338,True
sparse_cut,64,5,3,indexed,0,0.002541466,True
sparse_cut,64,5,3,reference,1,0.003159824,True
sparse_cut,64,5,4,reference,0,0.003167294,True
sparse_cut,64,5,4,indexed,1,0.002650168,True
sparse_cut,128,1,0,reference,0,0.007658847,True
sparse_cut,128,1,0,indexed,1,0.005250396,True
sparse_cut,128,1,1,indexed,0,0.005224092,True
sparse_cut,128,1,1,reference,1,0.007680528,True
sparse_cut,128,1,2,reference,0,0.007864071,True
sparse_cut,128,1,2,indexed,1,0.008595599,True
sparse_cut,128,1,3,indexed,0,0.00511202,True
sparse_cut,128,1,3,reference,1,0.007693127,True
sparse_cut,128,1,4,reference,0,0.007704289,True
sparse_cut,128,1,4,indexed,1,0.005300306,True
sparse_cut,128,2,0,indexed,0,0.005356921,True
sparse_cut,128,2,0,reference,1,0.007774454,True
sparse_cut,128,2,1,reference,0,0.00797676,True
sparse_cut,128,2,1,indexed,1,0.005280661,True
sparse_cut,128,2,2,indexed,0,0.005213893,True
sparse_cut,128,2,2,reference,1,0.00770248,True
sparse_cut,128,2,3,reference,0,0.007875285,True
sparse_cut,128,2,3,indexed,1,0.005228805,True
sparse_cut,128,2,4,indexed,0,0.005311937,True
sparse_cut,128,2,4,reference,1,0.007685566,True
sparse_cut,128,3,0,reference,0,0.007730447,True
sparse_cut,128,3,0,indexed,1,0.005227962,True
sparse_cut,128,3,1,indexed,0,0.005200117,True
sparse_cut,128,3,1,reference,1,0.00788446,True
sparse_cut,128,3,2,reference,0,0.007793995,True
sparse_cut,128,3,2,indexed,1,0.005538142,True
sparse_cut,128,3,3,indexed,0,0.005310761,True
sparse_cut,128,3,3,reference,1,0.007758375,True
sparse_cut,128,3,4,reference,0,0.00772121,True
sparse_cut,128,3,4,indexed,1,0.00529444,True
sparse_cut,128,4,0,indexed,0,0.005384093,True
sparse_cut,128,4,0,reference,1,0.007713089,True
sparse_cut,128,4,1,reference,0,0.007772403,True
sparse_cut,128,4,1,indexed,1,0.005480148,True
sparse_cut,128,4,2,indexed,0,0.005214314,True
sparse_cut,128,4,2,reference,1,0.007635597,True
sparse_cut,128,4,3,reference,0,0.007639492,True
sparse_cut,128,4,3,indexed,1,0.005206634,True
sparse_cut,128,4,4,indexed,0,0.005203222,True
sparse_cut,128,4,4,reference,1,0.007706632,True
sparse_cut,128,5,0,reference,0,0.007793159,True
sparse_cut,128,5,0,indexed,1,0.005231295,True
sparse_cut,128,5,1,indexed,0,0.005224778,True
sparse_cut,128,5,1,reference,1,0.007671808,True
sparse_cut,128,5,2,reference,0,0.007724448,True
sparse_cut,128,5,2,indexed,1,0.005216766,True
sparse_cut,128,5,3,indexed,0,0.005191632,True
sparse_cut,128,5,3,reference,1,0.007660751,True
sparse_cut,128,5,4,reference,0,0.00763138,True
sparse_cut,128,5,4,indexed,1,0.005160392,True
sparse_cut,256,1,0,reference,0,0.017460242,True
sparse_cut,256,1,0,indexed,1,0.011294609,True
sparse_cut,256,1,1,indexed,0,0.010786671,True
sparse_cut,256,1,1,reference,1,0.017567379,True
sparse_cut,256,1,2,reference,0,0.017728753,True
sparse_cut,256,1,2,indexed,1,0.011178587,True
sparse_cut,256,1,3,indexed,0,0.010720722,True
sparse_cut,256,1,3,reference,1,0.017502625,True
sparse_cut,256,1,4,reference,0,0.018134242,True
sparse_cut,256,1,4,indexed,1,0.014980099,True
sparse_cut,256,2,0,indexed,0,0.011124883,True
sparse_cut,256,2,0,reference,1,0.017812826,True
sparse_cut,256,2,1,reference,0,0.017577434,True
sparse_cut,256,2,1,indexed,1,0.01143691,True
sparse_cut,256,2,2,indexed,0,0.011070734,True
sparse_cut,256,2,2,reference,1,0.017954821,True
sparse_cut,256,2,3,reference,0,0.017639095,True
sparse_cut,256,2,3,indexed,1,0.011311418,True
sparse_cut,256,2,4,indexed,0,0.010815622,True
sparse_cut,256,2,4,reference,1,0.017831876,True
sparse_cut,256,3,0,reference,0,0.018086031,True
sparse_cut,256,3,0,indexed,1,0.011164771,True
sparse_cut,256,3,1,indexed,0,0.011440669,True
sparse_cut,256,3,1,reference,1,0.017342095,True
sparse_cut,256,3,2,reference,0,0.018032304,True
sparse_cut,256,3,2,indexed,1,0.011273098,True
sparse_cut,256,3,3,indexed,0,0.011266007,True
sparse_cut,256,3,3,reference,1,0.017285128,True
sparse_cut,256,3,4,reference,0,0.017890724,True
sparse_cut,256,3,4,indexed,1,0.011025609,True
sparse_cut,256,4,0,indexed,0,0.011245528,True
sparse_cut,256,4,0,reference,1,0.017310979,True
sparse_cut,256,4,1,reference,0,0.018000195,True
sparse_cut,256,4,1,indexed,1,0.010924012,True
sparse_cut,256,4,2,indexed,0,0.010961791,True
sparse_cut,256,4,2,reference,1,0.017318483,True
sparse_cut,256,4,3,reference,0,0.017963887,True
sparse_cut,256,4,3,indexed,1,0.011161027,True
sparse_cut,256,4,4,indexed,0,0.011075431,True
sparse_cut,256,4,4,reference,1,0.017408687,True
sparse_cut,256,5,0,reference,0,0.021847749,True
sparse_cut,256,5,0,indexed,1,0.011465876,True
sparse_cut,256,5,1,indexed,0,0.01085106,True
sparse_cut,256,5,1,reference,1,0.017914804,True
sparse_cut,256,5,2,reference,0,0.017810081,True
sparse_cut,256,5,2,indexed,1,0.011407863,True
sparse_cut,256,5,3,indexed,0,0.011057357,True
sparse_cut,256,5,3,reference,1,0.017817968,True
sparse_cut,256,5,4,reference,0,0.017840881,True
sparse_cut,256,5,4,indexed,1,0.011379762,True
sparse_cut,512,1,0,reference,0,0.036097839,True
sparse_cut,512,1,0,indexed,1,0.023587737,True
sparse_cut,512,1,1,indexed,0,0.029360416,True
sparse_cut,512,1,1,reference,1,0.036900621,True
sparse_cut,512,1,2,reference,0,0.03642258,True
sparse_cut,512,1,2,indexed,1,0.023984785,True
sparse_cut,512,1,3,indexed,0,0.023010246,True
sparse_cut,512,1,3,reference,1,0.036138619,True
sparse_cut,512,1,4,reference,0,0.035839034,True
sparse_cut,512,1,4,indexed,1,0.023717503,True
sparse_cut,512,2,0,indexed,0,0.023884439,True
sparse_cut,512,2,0,reference,1,0.035466129,True
sparse_cut,512,2,1,reference,0,0.036315698,True
sparse_cut,512,2,1,indexed,1,0.023712217,True
sparse_cut,512,2,2,indexed,0,0.023471202,True
sparse_cut,512,2,2,reference,1,0.036463886,True
sparse_cut,512,2,3,reference,0,0.041556154,True
sparse_cut,512,2,3,indexed,1,0.024484734,True
sparse_cut,512,2,4,indexed,0,0.02484322,True
sparse_cut,512,2,4,reference,1,0.037080701,True
sparse_cut,512,3,0,reference,0,0.038407501,True
sparse_cut,512,3,0,indexed,1,0.024353155,True
sparse_cut,512,3,1,indexed,0,0.030102862,True
sparse_cut,512,3,1,reference,1,0.03591065,True
sparse_cut,512,3,2,reference,0,0.036315375,True
sparse_cut,512,3,2,indexed,1,0.024905259,True
sparse_cut,512,3,3,indexed,0,0.024023363,True
sparse_cut,512,3,3,reference,1,0.035694805,True
sparse_cut,512,3,4,reference,0,0.036891443,True
sparse_cut,512,3,4,indexed,1,0.023520039,True
sparse_cut,512,4,0,indexed,0,0.023860496,True
sparse_cut,512,4,0,reference,1,0.036295848,True
sparse_cut,512,4,1,reference,0,0.03597558,True
sparse_cut,512,4,1,indexed,1,0.023077917,True
sparse_cut,512,4,2,indexed,0,0.024037736,True
sparse_cut,512,4,2,reference,1,0.035538869,True
sparse_cut,512,4,3,reference,0,0.035676561,True
sparse_cut,512,4,3,indexed,1,0.028650962,True
sparse_cut,512,4,4,indexed,0,0.023786285,True
sparse_cut,512,4,4,reference,1,0.036411547,True
sparse_cut,512,5,0,reference,0,0.036359562,True
sparse_cut,512,5,0,indexed,1,0.02517294,True
sparse_cut,512,5,1,indexed,0,0.023976602,True
sparse_cut,512,5,1,reference,1,0.04256579,True
sparse_cut,512,5,2,reference,0,0.036206593,True
sparse_cut,512,5,2,indexed,1,0.023143183,True
sparse_cut,512,5,3,indexed,0,0.024075071,True
sparse_cut,512,5,3,reference,1,0.036406515,True
sparse_cut,512,5,4,reference,0,0.036205666,True
sparse_cut,512,5,4,indexed,1,0.024732443,True
dense_cut,64,1,0,reference,0,0.006083645,True
dense_cut,64,1,0,indexed,1,0.004494943,True
dense_cut,64,1,1,indexed,0,0.004411418,True
dense_cut,64,1,1,reference,1,0.004531963,True
dense_cut,64,1,2,reference,0,0.004529028,True
dense_cut,64,1,2,indexed,1,0.004548895,True
dense_cut,64,1,3,indexed,0,0.007378294,True
dense_cut,64,1,3,reference,1,0.004570842,True
dense_cut,64,1,4,reference,0,0.004526244,True
dense_cut,64,1,4,indexed,1,0.00443091,True
dense_cut,64,2,0,indexed,0,0.004520012,True
dense_cut,64,2,0,reference,1,0.004857236,True
dense_cut,64,2,1,reference,0,0.00454226,True
dense_cut,64,2,1,indexed,1,0.004353717,True
dense_cut,64,2,2,indexed,0,0.004361347,True
dense_cut,64,2,2,reference,1,0.004502018,True
dense_cut,64,2,3,reference,0,0.00452911,True
dense_cut,64,2,3,indexed,1,0.004444938,True
dense_cut,64,2,4,indexed,0,0.004376217,True
dense_cut,64,2,4,reference,1,0.004569561,True
dense_cut,64,3,0,reference,0,0.004609465,True
dense_cut,64,3,0,indexed,1,0.004473484,True
dense_cut,64,3,1,indexed,0,0.00434863,True
dense_cut,64,3,1,reference,1,0.004536697,True
dense_cut,64,3,2,reference,0,0.00452353,True
dense_cut,64,3,2,indexed,1,0.004361595,True
dense_cut,64,3,3,indexed,0,0.004401657,True
dense_cut,64,3,3,reference,1,0.004515291,True
dense_cut,64,3,4,reference,0,0.00446475,True
dense_cut,64,3,4,indexed,1,0.004400592,True
dense_cut,64,4,0,indexed,0,0.004528458,True
dense_cut,64,4,0,reference,1,0.004814215,True
dense_cut,64,4,1,reference,0,0.004538191,True
dense_cut,64,4,1,indexed,1,0.004425472,True
dense_cut,64,4,2,indexed,0,0.00439696,True
dense_cut,64,4,2,reference,1,0.00445248,True
dense_cut,64,4,3,reference,0,0.004535148,True
dense_cut,64,4,3,indexed,1,0.004458405,True
dense_cut,64,4,4,indexed,0,0.00445682,True
dense_cut,64,4,4,reference,1,0.004600447,True
dense_cut,64,5,0,reference,0,0.004794282,True
dense_cut,64,5,0,indexed,1,0.004419691,True
dense_cut,64,5,1,indexed,0,0.004347828,True
dense_cut,64,5,1,reference,1,0.004835206,True
dense_cut,64,5,2,reference,0,0.004600079,True
dense_cut,64,5,2,indexed,1,0.004390786,True
dense_cut,64,5,3,indexed,0,0.00435671,True
dense_cut,64,5,3,reference,1,0.004466705,True
dense_cut,64,5,4,reference,0,0.004529928,True
dense_cut,64,5,4,indexed,1,0.004338884,True
dense_cut,128,1,0,reference,0,0.009505063,True
dense_cut,128,1,0,indexed,1,0.009459685,True
dense_cut,128,1,1,indexed,0,0.009047225,True
dense_cut,128,1,1,reference,1,0.009714167,True
dense_cut,128,1,2,reference,0,0.009555587,True
dense_cut,128,1,2,indexed,1,0.009140213,True
dense_cut,128,1,3,indexed,0,0.009436126,True
dense_cut,128,1,3,reference,1,0.009513956,True
dense_cut,128,1,4,reference,0,0.009468917,True
dense_cut,128,1,4,indexed,1,0.0096399,True
dense_cut,128,2,0,indexed,0,0.009605357,True
dense_cut,128,2,0,reference,1,0.009705666,True
dense_cut,128,2,1,reference,0,0.009463648,True
dense_cut,128,2,1,indexed,1,0.009054887,True
dense_cut,128,2,2,indexed,0,0.009448062,True
dense_cut,128,2,2,reference,1,0.009346934,True
dense_cut,128,2,3,reference,0,0.009476927,True
dense_cut,128,2,3,indexed,1,0.012847073,True
dense_cut,128,2,4,indexed,0,0.008947209,True
dense_cut,128,2,4,reference,1,0.009709223,True
dense_cut,128,3,0,reference,0,0.009829513,True
dense_cut,128,3,0,indexed,1,0.009589706,True
dense_cut,128,3,1,indexed,0,0.009308267,True
dense_cut,128,3,1,reference,1,0.009399705,True
dense_cut,128,3,2,reference,0,0.009824802,True
dense_cut,128,3,2,indexed,1,0.009180202,True
dense_cut,128,3,3,indexed,0,0.009235568,True
dense_cut,128,3,3,reference,1,0.009721347,True
dense_cut,128,3,4,reference,0,0.00940568,True
dense_cut,128,3,4,indexed,1,0.009363327,True
dense_cut,128,4,0,indexed,0,0.009512499,True
dense_cut,128,4,0,reference,1,0.009473165,True
dense_cut,128,4,1,reference,0,0.0099438,True
dense_cut,128,4,1,indexed,1,0.009164954,True
dense_cut,128,4,2,indexed,0,0.009272741,True
dense_cut,128,4,2,reference,1,0.01426222,True
dense_cut,128,4,3,reference,0,0.009289883,True
dense_cut,128,4,3,indexed,1,0.009281418,True
dense_cut,128,4,4,indexed,0,0.009575181,True
dense_cut,128,4,4,reference,1,0.00961735,True
dense_cut,128,5,0,reference,0,0.010046791,True
dense_cut,128,5,0,indexed,1,0.009524541,True
dense_cut,128,5,1,indexed,0,0.009372538,True
dense_cut,128,5,1,reference,1,0.009717744,True
dense_cut,128,5,2,reference,0,0.009406083,True
dense_cut,128,5,2,indexed,1,0.009171184,True
dense_cut,128,5,3,indexed,0,0.009458922,True
dense_cut,128,5,3,reference,1,0.009533893,True
dense_cut,128,5,4,reference,0,0.009570602,True
dense_cut,128,5,4,indexed,1,0.009328504,True
dense_cut,256,1,0,reference,0,0.021344303,True
dense_cut,256,1,0,indexed,1,0.02137717,True
dense_cut,256,1,1,indexed,0,0.021061104,True
dense_cut,256,1,1,reference,1,0.021097163,True
dense_cut,256,1,2,reference,0,0.02128934,True
dense_cut,256,1,2,indexed,1,0.020993622,True
dense_cut,256,1,3,indexed,0,0.021151162,True
dense_cut,256,1,3,reference,1,0.027383882,True
dense_cut,256,1,4,reference,0,0.021690768,True
dense_cut,256,1,4,indexed,1,0.021155049,True
dense_cut,256,2,0,indexed,0,0.020645826,True
dense_cut,256,2,0,reference,1,0.020937421,True
dense_cut,256,2,1,reference,0,0.025118926,True
dense_cut,256,2,1,indexed,1,0.020546014,True
dense_cut,256,2,2,indexed,0,0.020379187,True
dense_cut,256,2,2,reference,1,0.020978606,True
dense_cut,256,2,3,reference,0,0.02065916,True
dense_cut,256,2,3,indexed,1,0.020782578,True
dense_cut,256,2,4,indexed,0,0.020370121,True
dense_cut,256,2,4,reference,1,0.021353856,True
dense_cut,256,3,0,reference,0,0.020558829,True
dense_cut,256,3,0,indexed,1,0.020176512,True
dense_cut,256,3,1,indexed,0,0.020410126,True
dense_cut,256,3,1,reference,1,0.021071094,True
dense_cut,256,3,2,reference,0,0.020957786,True
dense_cut,256,3,2,indexed,1,0.020643003,True
dense_cut,256,3,3,indexed,0,0.020445926,True
dense_cut,256,3,3,reference,1,0.026063279,True
dense_cut,256,3,4,reference,0,0.021162876,True
dense_cut,256,3,4,indexed,1,0.02098137,True
dense_cut,256,4,0,indexed,0,0.020648841,True
dense_cut,256,4,0,reference,1,0.024414696,True
dense_cut,256,4,1,reference,0,0.02046382,True
dense_cut,256,4,1,indexed,1,0.020595612,True
dense_cut,256,4,2,indexed,0,0.020725356,True
dense_cut,256,4,2,reference,1,0.020944176,True
dense_cut,256,4,3,reference,0,0.020897834,True
dense_cut,256,4,3,indexed,1,0.020560967,True
dense_cut,256,4,4,indexed,0,0.021057374,True
dense_cut,256,4,4,reference,1,0.021208026,True
dense_cut,256,5,0,reference,0,0.021505757,True
dense_cut,256,5,0,indexed,1,0.020957282,True
dense_cut,256,5,1,indexed,0,0.020828724,True
dense_cut,256,5,1,reference,1,0.021379353,True
dense_cut,256,5,2,reference,0,0.021060138,True
dense_cut,256,5,2,indexed,1,0.026042189,True
dense_cut,256,5,3,indexed,0,0.020275375,True
dense_cut,256,5,3,reference,1,0.020915941,True
dense_cut,256,5,4,reference,0,0.020834672,True
dense_cut,256,5,4,indexed,1,0.021298741,True
dense_cut,512,1,0,reference,0,0.054430567,True
dense_cut,512,1,0,indexed,1,0.04441297,True
dense_cut,512,1,1,indexed,0,0.044096317,True
dense_cut,512,1,1,reference,1,0.057836671,True
dense_cut,512,1,2,reference,0,0.045425591,True
dense_cut,512,1,2,indexed,1,0.04277046,True
dense_cut,512,1,3,indexed,0,0.043783294,True
dense_cut,512,1,3,reference,1,0.044543953,True
dense_cut,512,1,4,reference,0,0.053707894,True
dense_cut,512,1,4,indexed,1,0.043705686,True
dense_cut,512,2,0,indexed,0,0.045759065,True
dense_cut,512,2,0,reference,1,0.045204193,True
dense_cut,512,2,1,reference,0,0.045615824,True
dense_cut,512,2,1,indexed,1,0.054772194,True
dense_cut,512,2,2,indexed,0,0.046725249,True
dense_cut,512,2,2,reference,1,0.046301511,True
dense_cut,512,2,3,reference,0,0.04637142,True
dense_cut,512,2,3,indexed,1,0.055819782,True
dense_cut,512,2,4,indexed,0,0.046133124,True
dense_cut,512,2,4,reference,1,0.046263174,True
dense_cut,512,3,0,reference,0,0.047346431,True
dense_cut,512,3,0,indexed,1,0.045282917,True
dense_cut,512,3,1,indexed,0,0.045859307,True
dense_cut,512,3,1,reference,1,0.056615241,True
dense_cut,512,3,2,reference,0,0.0462707,True
dense_cut,512,3,2,indexed,1,0.045635315,True
dense_cut,512,3,3,indexed,0,0.046802194,True
dense_cut,512,3,3,reference,1,0.054750948,True
dense_cut,512,3,4,reference,0,0.045858005,True
dense_cut,512,3,4,indexed,1,0.045509164,True
dense_cut,512,4,0,indexed,0,0.047272688,True
dense_cut,512,4,0,reference,1,0.048233731,True
dense_cut,512,4,1,reference,0,0.056556359,True
dense_cut,512,4,1,indexed,1,0.045834818,True
dense_cut,512,4,2,indexed,0,0.043639205,True
dense_cut,512,4,2,reference,1,0.04650477,True
dense_cut,512,4,3,reference,0,0.044872074,True
dense_cut,512,4,3,indexed,1,0.053983492,True
dense_cut,512,4,4,indexed,0,0.045691645,True
dense_cut,512,4,4,reference,1,0.045489923,True
dense_cut,512,5,0,reference,0,0.048765328,True
dense_cut,512,5,0,indexed,1,0.046459389,True
dense_cut,512,5,1,indexed,0,0.059048648,True
dense_cut,512,5,1,reference,1,0.047365369,True
dense_cut,512,5,2,reference,0,0.046295379,True
dense_cut,512,5,2,indexed,1,0.048165669,True
dense_cut,512,5,3,indexed,0,0.057661661,True
dense_cut,512,5,3,reference,1,0.047643536,True
dense_cut,512,5,4,reference,0,0.046329234,True
dense_cut,512,5,4,indexed,1,0.045509728,True
low_conflict,64,1,0,reference,0,0.003717442,True
low_conflict,64,1,0,indexed,1,0.001085518,True
low_conflict,64,1,1,indexed,0,0.000979483,True
low_conflict,64,1,1,reference,1,0.000963698,True
low_conflict,64,1,2,reference,0,0.001125059,True
low_conflict,64,1,2,indexed,1,0.000985218,True
low_conflict,64,1,3,indexed,0,0.00097608,True
low_conflict,64,1,3,reference,1,0.000965696,True
low_conflict,64,1,4,reference,0,0.000959604,True
low_conflict,64,1,4,indexed,1,0.000959857,True
low_conflict,64,2,0,indexed,0,0.00107755,True
low_conflict,64,2,0,reference,1,0.000978627,True
low_conflict,64,2,1,reference,0,0.000942893,True
low_conflict,64,2,1,indexed,1,0.000953889,True
low_conflict,64,2,2,indexed,0,0.000989326,True
low_conflict,64,2,2,reference,1,0.000967495,True
low_conflict,64,2,3,reference,0,0.000947059,True
low_conflict,64,2,3,indexed,1,0.00095176,True
low_conflict,64,2,4,indexed,0,0.000950971,True
low_conflict,64,2,4,reference,1,0.000933907,True
low_conflict,64,3,0,reference,0,0.000971146,True
low_conflict,64,3,0,indexed,1,0.000948198,True
low_conflict,64,3,1,indexed,0,0.000933807,True
low_conflict,64,3,1,reference,1,0.000925322,True
low_conflict,64,3,2,reference,0,0.000925751,True
low_conflict,64,3,2,indexed,1,0.000941021,True
low_conflict,64,3,3,indexed,0,0.000934674,True
low_conflict,64,3,3,reference,1,0.000924895,True
low_conflict,64,3,4,reference,0,0.00092616,True
low_conflict,64,3,4,indexed,1,0.000926607,True
low_conflict,64,4,0,indexed,0,0.000998521,True
low_conflict,64,4,0,reference,1,0.000966197,True
low_conflict,64,4,1,reference,0,0.000956474,True
low_conflict,64,4,1,indexed,1,0.000968477,True
low_conflict,64,4,2,indexed,0,0.000969606,True
low_conflict,64,4,2,reference,1,0.000964433,True
low_conflict,64,4,3,reference,0,0.000957902,True
low_conflict,64,4,3,indexed,1,0.000960227,True
low_conflict,64,4,4,indexed,0,0.000963822,True
low_conflict,64,4,4,reference,1,0.000982504,True
low_conflict,64,5,0,reference,0,0.000982768,True
low_conflict,64,5,0,indexed,1,0.000976749,True
low_conflict,64,5,1,indexed,0,0.000960891,True
low_conflict,64,5,1,reference,1,0.000952178,True
low_conflict,64,5,2,reference,0,0.000946999,True
low_conflict,64,5,2,indexed,1,0.000951617,True
low_conflict,64,5,3,indexed,0,0.000949575,True
low_conflict,64,5,3,reference,1,0.001066337,True
low_conflict,64,5,4,reference,0,0.000939086,True
low_conflict,64,5,4,indexed,1,0.000953839,True
low_conflict,128,1,0,reference,0,0.002006577,True
low_conflict,128,1,0,indexed,1,0.002023571,True
low_conflict,128,1,1,indexed,0,0.001996012,True
low_conflict,128,1,1,reference,1,0.001994671,True
low_conflict,128,1,2,reference,0,0.002006679,True
low_conflict,128,1,2,indexed,1,0.002010563,True
low_conflict,128,1,3,indexed,0,0.002020919,True
low_conflict,128,1,3,reference,1,0.002198648,True
low_conflict,128,1,4,reference,0,0.001989687,True
low_conflict,128,1,4,indexed,1,0.00209976,True
low_conflict,128,2,0,indexed,0,0.002107069,True
low_conflict,128,2,0,reference,1,0.00205963,True
low_conflict,128,2,1,reference,0,0.002039188,True
low_conflict,128,2,1,indexed,1,0.002027367,True
low_conflict,128,2,2,indexed,0,0.002008486,True
low_conflict,128,2,2,reference,1,0.002042498,True
low_conflict,128,2,3,reference,0,0.00201983,True
low_conflict,128,2,3,indexed,1,0.002231366,True
low_conflict,128,2,4,indexed,0,0.005214341,True
low_conflict,128,2,4,reference,1,0.002187885,True
low_conflict,128,3,0,reference,0,0.002063039,True
low_conflict,128,3,0,indexed,1,0.002042658,True
low_conflict,128,3,1,indexed,0,0.002009692,True
low_conflict,128,3,1,reference,1,0.001998134,True
low_conflict,128,3,2,reference,0,0.00201495,True
low_conflict,128,3,2,indexed,1,0.002274547,True
low_conflict,128,3,3,indexed,0,0.002073986,True
low_conflict,128,3,3,reference,1,0.001962313,True
low_conflict,128,3,4,reference,0,0.001971124,True
low_conflict,128,3,4,indexed,1,0.001995182,True
low_conflict,128,4,0,indexed,0,0.002086222,True
low_conflict,128,4,0,reference,1,0.002031453,True
low_conflict,128,4,1,reference,0,0.002042975,True
low_conflict,128,4,1,indexed,1,0.002197798,True
low_conflict,128,4,2,indexed,0,0.001984452,True
low_conflict,128,4,2,reference,1,0.002009405,True
low_conflict,128,4,3,reference,0,0.001984898,True
low_conflict,128,4,3,indexed,1,0.002023625,True
low_conflict,128,4,4,indexed,0,0.0020294,True
low_conflict,128,4,4,reference,1,0.002005235,True
low_conflict,128,5,0,reference,0,0.002078269,True
low_conflict,128,5,0,indexed,1,0.002235937,True
low_conflict,128,5,1,indexed,0,0.002031506,True
low_conflict,128,5,1,reference,1,0.002000619,True
low_conflict,128,5,2,reference,0,0.001993654,True
low_conflict,128,5,2,indexed,1,0.002014838,True
low_conflict,128,5,3,indexed,0,0.002042455,True
low_conflict,128,5,3,reference,1,0.001991992,True
low_conflict,128,5,4,reference,0,0.001972654,True
low_conflict,128,5,4,indexed,1,0.001991662,True
low_conflict,256,1,0,reference,0,0.004118176,True
low_conflict,256,1,0,indexed,1,0.004258698,True
low_conflict,256,1,1,indexed,0,0.004909711,True
low_conflict,256,1,1,reference,1,0.004124975,True
low_conflict,256,1,2,reference,0,0.004097233,True
low_conflict,256,1,2,indexed,1,0.004190263,True
low_conflict,256,1,3,indexed,0,0.004315473,True
low_conflict,256,1,3,reference,1,0.004086909,True
low_conflict,256,1,4,reference,0,0.004145837,True
low_conflict,256,1,4,indexed,1,0.004241762,True
low_conflict,256,2,0,indexed,0,0.004326988,True
low_conflict,256,2,0,reference,1,0.004131722,True
low_conflict,256,2,1,reference,0,0.004412327,True
low_conflict,256,2,1,indexed,1,0.004198079,True
low_conflict,256,2,2,indexed,0,0.004213333,True
low_conflict,256,2,2,reference,1,0.004120909,True
low_conflict,256,2,3,reference,0,0.004249955,True
low_conflict,256,2,3,indexed,1,0.004307988,True
low_conflict,256,2,4,indexed,0,0.00414399,True
low_conflict,256,2,4,reference,1,0.004032135,True
low_conflict,256,3,0,reference,0,0.00425951,True
low_conflict,256,3,0,indexed,1,0.004288483,True
low_conflict,256,3,1,indexed,0,0.004167476,True
low_conflict,256,3,1,reference,1,0.007444631,True
low_conflict,256,3,2,reference,0,0.004096469,True
low_conflict,256,3,2,indexed,1,0.004263725,True
low_conflict,256,3,3,indexed,0,0.004230314,True
low_conflict,256,3,3,reference,1,0.00411621,True
low_conflict,256,3,4,reference,0,0.004224561,True
low_conflict,256,3,4,indexed,1,0.00424819,True
low_conflict,256,4,0,indexed,0,0.004351809,True
low_conflict,256,4,0,reference,1,0.00415949,True
low_conflict,256,4,1,reference,0,0.004124557,True
low_conflict,256,4,1,indexed,1,0.004341301,True
low_conflict,256,4,2,indexed,0,0.004189665,True
low_conflict,256,4,2,reference,1,0.004096247,True
low_conflict,256,4,3,reference,0,0.00417376,True
low_conflict,256,4,3,indexed,1,0.004239969,True
low_conflict,256,4,4,indexed,0,0.004233082,True
low_conflict,256,4,4,reference,1,0.004077146,True
low_conflict,256,5,0,reference,0,0.004279235,True
low_conflict,256,5,0,indexed,1,0.004240229,True
low_conflict,256,5,1,indexed,0,0.004261156,True
low_conflict,256,5,1,reference,1,0.004123175,True
low_conflict,256,5,2,reference,0,0.004216284,True
low_conflict,256,5,2,indexed,1,0.004224614,True
low_conflict,256,5,3,indexed,0,0.004205721,True
low_conflict,256,5,3,reference,1,0.004239123,True
low_conflict,256,5,4,reference,0,0.004080667,True
low_conflict,256,5,4,indexed,1,0.004196872,True
low_conflict,512,1,0,reference,0,0.008536953,True
low_conflict,512,1,0,indexed,1,0.009102662,True
low_conflict,512,1,1,indexed,0,0.009030079,True
low_conflict,512,1,1,reference,1,0.008932565,True
low_conflict,512,1,2,reference,0,0.012959082,True
low_conflict,512,1,2,indexed,1,0.008804127,True
low_conflict,512,1,3,indexed,0,0.008990623,True
low_conflict,512,1,3,reference,1,0.008633828,True
low_conflict,512,1,4,reference,0,0.009188087,True
low_conflict,512,1,4,indexed,1,0.008871798,True
low_conflict,512,2,0,indexed,0,0.009323636,True
low_conflict,512,2,0,reference,1,0.008591391,True
low_conflict,512,2,1,reference,0,0.008620276,True
low_conflict,512,2,1,indexed,1,0.009120789,True
low_conflict,512,2,2,indexed,0,0.008586804,True
low_conflict,512,2,2,reference,1,0.008717266,True
low_conflict,512,2,3,reference,0,0.008459403,True
low_conflict,512,2,3,indexed,1,0.008653964,True
low_conflict,512,2,4,indexed,0,0.009343359,True
low_conflict,512,2,4,reference,1,0.008844877,True
low_conflict,512,3,0,reference,0,0.00884762,True
low_conflict,512,3,0,indexed,1,0.012399526,True
low_conflict,512,3,1,indexed,0,0.009055616,True
low_conflict,512,3,1,reference,1,0.008592589,True
low_conflict,512,3,2,reference,0,0.008639539,True
low_conflict,512,3,2,indexed,1,0.008920195,True
low_conflict,512,3,3,indexed,0,0.008809626,True
low_conflict,512,3,3,reference,1,0.00911958,True
low_conflict,512,3,4,reference,0,0.008793362,True
low_conflict,512,3,4,indexed,1,0.009158349,True
low_conflict,512,4,0,indexed,0,0.009349239,True
low_conflict,512,4,0,reference,1,0.008828655,True
low_conflict,512,4,1,reference,0,0.009217898,True
low_conflict,512,4,1,indexed,1,0.008843026,True
low_conflict,512,4,2,indexed,0,0.009239749,True
low_conflict,512,4,2,reference,1,0.008596278,True
low_conflict,512,4,3,reference,0,0.008722169,True
low_conflict,512,4,3,indexed,1,0.009228706,True
low_conflict,512,4,4,indexed,0,0.008731488,True
low_conflict,512,4,4,reference,1,0.008953031,True
low_conflict,512,5,0,reference,0,0.008936893,True
low_conflict,512,5,0,indexed,1,0.008948609,True
low_conflict,512,5,1,indexed,0,0.009081827,True
low_conflict,512,5,1,reference,1,0.009143156,True
low_conflict,512,5,2,reference,0,0.008868925,True
low_conflict,512,5,2,indexed,1,0.0086785,True
low_conflict,512,5,3,indexed,0,0.009078655,True
low_conflict,512,5,3,reference,1,0.008752728,True
low_conflict,512,5,4,reference,0,0.008690061,True
low_conflict,512,5,4,indexed,1,0.00943888,True
